id,first_name,last_name,email,gender,ip_address
1,Tabby,Alldridge,talldridge0@sogou.com,Male,224.115.119.5
2,Burlie,Fawthorpe,bfawthorpe1@csmonitor.com,Male,253.75.9.228
3,Jewel,Deamer,jdeamer2@oakley.com,Female,240.232.50.1
4,Bink,Libbe,blibbe3@miitbeian.gov.cn,Male,71.43.36.8
5,Findlay,Liquorish,fliquorish4@istockphoto.com,Male,236.89.122.129
6,Alicea,Whapham,awhapham5@china.com.cn,Female,217.105.126.27
7,Arnaldo,Blazhevich,ablazhevich6@etsy.com,Male,168.206.74.144
8,Rowena,Cubuzzi,rcubuzzi7@craigslist.org,Female,208.195.54.124
9,Binny,D'Alesco,bdalesco8@pinterest.com,Non-binary,237.219.10.201
10,Fanny,Gregersen,fgregersen9@fc2.com,Female,169.90.45.133
11,Kalil,Berfoot,kberfoota@blinklist.com,Male,8.199.50.132
12,Minna,Schnieder,mschniederb@ft.com,Female,51.207.201.84
13,Selestina,Lauthian,slauthianc@digg.com,Female,55.94.226.58
14,Marti,Titherington,mtitheringtond@spotify.com,Female,22.196.104.2
15,Pepito,Gatrill,pgatrille@marketwatch.com,Male,24.141.252.197
16,Babs,De Bruijn,bdebruijnf@constantcontact.com,Female,4.243.87.156
17,Ryun,Putnam,rputnamg@spotify.com,Male,180.82.160.95
18,Ulick,Ivic,uivich@miibeian.gov.cn,Male,63.14.159.97
19,Sharyl,Brewse,sbrewsei@edublogs.org,Female,87.10.17.87
20,Mildred,Lethby,mlethbyj@wp.com,Bigender,68.146.180.129
21,Francesco,Gaitone,fgaitonek@google.com,Genderfluid,249.49.42.1
22,Matty,Schulze,mschulzel@naver.com,Male,133.152.37.112
23,Haley,Burges,hburgesm@surveymonkey.com,Female,108.153.253.195
24,Jobyna,Hedylstone,jhedylstonen@artisteer.com,Female,87.70.99.231
25,Merrily,Snelgar,msnelgaro@google.com.hk,Female,156.76.216.63
26,Wolfy,Thoday,wthodayp@engadget.com,Male,74.41.99.31
27,Maury,Lindberg,mlindbergq@pinterest.com,Male,225.165.50.26
28,Gary,Harken,gharkenr@cbsnews.com,Male,143.9.153.38
29,Silvano,Palin,spalins@tamu.edu,Male,13.80.101.19
30,Alan,Cust,acustt@mayoclinic.com,Male,104.158.125.252
31,Natty,Gillum,ngillumu@nps.gov,Male,201.192.218.236
32,Myrah,Zecchini,mzecchiniv@state.tx.us,Female,137.84.227.96
33,Carmela,Bradnocke,cbradnockew@unicef.org,Female,26.48.251.156
34,Gilburt,Domb,gdombx@tiny.cc,Male,187.226.253.30
35,Jeremias,Van Dijk,jvandijky@thetimes.co.uk,Male,141.135.42.175
36,Margot,Pahl,mpahlz@soundcloud.com,Female,132.89.5.248
37,Vinni,Bedminster,vbedminster10@cafepress.com,Female,250.58.86.89
38,Olympe,Slimmon,oslimmon11@patch.com,Female,38.193.16.107
39,Merrili,Bonsale,mbonsale12@fda.gov,Female,122.15.176.248
40,Bennie,Pechold,bpechold13@pen.io,Male,132.141.207.95
41,Sandie,Leverich,sleverich14@artisteer.com,Female,254.126.137.238
42,Olly,Skinn,oskinn15@bloglines.com,Female,208.231.194.61
43,Sharlene,Shout,sshout16@wikipedia.org,Female,207.181.184.124
44,Eloise,Hulcoop,ehulcoop17@thetimes.co.uk,Female,251.194.115.129
45,Julita,Lyste,jlyste18@barnesandnoble.com,Female,93.30.209.206
46,Mae,Calladine,mcalladine19@123-reg.co.uk,Female,193.100.57.219
47,Rod,Lennon,rlennon1a@senate.gov,Male,216.222.133.74
48,Haven,Grinov,hgrinov1b@cdc.gov,Male,191.99.103.187
49,Reggi,Race,rrace1c@wordpress.com,Female,125.119.118.208
50,Gussie,Stanyforth,gstanyforth1d@sourceforge.net,Genderfluid,194.15.126.170
51,Cchaddie,Billows,cbillows1e@icio.us,Male,227.169.211.19
52,Padraig,Rankmore,prankmore1f@paypal.com,Male,95.37.228.134
53,Clyve,Warton,cwarton1g@aol.com,Male,137.153.96.246
54,Tabby,Fetterplace,tfetterplace1h@tuttocitta.it,Male,165.134.30.86
55,Saxe,Mattiacci,smattiacci1i@admin.ch,Male,142.203.121.97
56,Mandi,Barsam,mbarsam1j@army.mil,Female,0.23.121.148
57,Morley,McGonigal,mmcgonigal1k@cbsnews.com,Male,57.183.237.21
58,Jerrylee,Cicutto,jcicutto1l@narod.ru,Female,218.179.68.228
59,Weider,Hayton,whayton1m@pinterest.com,Male,71.52.102.66
60,Bernarr,Taggerty,btaggerty1n@reverbnation.com,Male,73.190.89.116
61,Jacynth,Brunsen,jbrunsen1o@sina.com.cn,Female,56.179.238.197
62,Jory,Warburton,jwarburton1p@taobao.com,Male,3.128.101.153
63,Ali,Reboulet,areboulet1q@fda.gov,Male,81.165.150.167
64,Moises,Wycliff,mwycliff1r@dailymail.co.uk,Male,52.203.189.80
65,Tim,Wrate,twrate1s@noaa.gov,Non-binary,64.24.10.65
66,Bobbi,Rudsdell,brudsdell1t@alexa.com,Female,237.138.18.14
67,Forester,Aronovich,faronovich1u@wired.com,Male,161.141.135.13
68,Axel,Oats,aoats1v@w3.org,Male,48.186.80.29
69,Hollyanne,Kelberman,hkelberman1w@rakuten.co.jp,Female,140.232.23.70
70,Lynn,Bloodworthe,lbloodworthe1x@amazonaws.com,Female,186.176.72.50
71,Ingaborg,Pobjay,ipobjay1y@theatlantic.com,Female,22.179.23.114
72,Ellswerth,McGuinley,emcguinley1z@soundcloud.com,Agender,92.1.136.146
73,Jerald,Ellesmere,jellesmere20@guardian.co.uk,Male,246.5.60.196
74,Parrnell,Jewett,pjewett21@narod.ru,Bigender,76.48.170.36
75,Pierce,Meric,pmeric22@ifeng.com,Male,36.129.70.226
76,Marcelline,Circuit,mcircuit23@parallels.com,Female,5.184.232.56
77,Win,Bartoszek,wbartoszek24@canalblog.com,Male,228.208.230.1
78,Julianna,Komorowski,jkomorowski25@mapquest.com,Female,200.58.176.65
79,Ranee,Hukin,rhukin26@youtube.com,Non-binary,128.22.219.245
80,Seumas,Kynder,skynder27@google.cn,Male,172.136.122.122
81,Germaine,Cranke,gcranke28@psu.edu,Bigender,58.170.39.110
82,Rollo,Mogford,rmogford29@microsoft.com,Male,179.128.241.248
83,Janene,McEwen,jmcewen2a@stanford.edu,Female,176.218.86.222
84,Joan,Dumbarton,jdumbarton2b@dropbox.com,Female,126.22.222.154
85,Timmy,Garroch,tgarroch2c@xing.com,Female,183.141.230.255
86,Hedy,Agent,hagent2d@apple.com,Genderqueer,85.109.59.229
87,Fee,Smithin,fsmithin2e@ifeng.com,Male,147.57.108.220
88,Sandor,Lavender,slavender2f@wunderground.com,Male,229.82.152.240
89,Otho,Maha,omaha2g@t-online.de,Male,248.189.153.39
90,Florance,Conaboy,fconaboy2h@macromedia.com,Female,107.202.22.55
91,Barbabra,Deinhardt,bdeinhardt2i@gravatar.com,Female,168.35.247.255
92,Fitzgerald,Wildgoose,fwildgoose2j@independent.co.uk,Male,137.235.184.52
93,Roxi,Reimer,rreimer2k@tmall.com,Female,182.92.37.50
94,Thalia,Aylesbury,taylesbury2l@addtoany.com,Female,60.114.138.16
95,Christie,Dupoy,cdupoy2m@furl.net,Male,125.145.12.254
96,Nelly,Fitzsimon,nfitzsimon2n@hatena.ne.jp,Female,18.230.236.135
97,Eolanda,Kubek,ekubek2o@home.pl,Female,64.117.172.245
98,Merci,Dowty,mdowty2p@geocities.jp,Female,217.194.232.189
99,Haslett,Bantham,hbantham2q@icq.com,Male,0.206.100.24
100,Tyrus,Conerding,tconerding2r@nba.com,Male,194.138.82.236
101,Jessee,Narey,jnarey2s@issuu.com,Male,164.168.200.21
102,Raddy,Kibbye,rkibbye2t@reference.com,Male,169.60.218.155
103,Grove,Rennie,grennie2u@pbs.org,Non-binary,13.47.135.226
104,Padriac,Boyland,pboyland2v@etsy.com,Genderqueer,217.9.143.99
105,Karon,Gofton,kgofton2w@hhs.gov,Female,108.189.236.245
106,Homere,Gioani,hgioani2x@businessweek.com,Male,220.225.9.246
107,Luther,D'Aguanno,ldaguanno2y@chicagotribune.com,Male,39.139.2.135
108,Sandro,Langstone,slangstone2z@guardian.co.uk,Male,207.50.116.31
109,Adoree,Gowdie,agowdie30@miibeian.gov.cn,Female,252.230.61.187
110,Eamon,Braunes,ebraunes31@123-reg.co.uk,Male,223.185.113.109
111,Dedie,Lethabridge,dlethabridge32@reference.com,Female,71.76.59.62
112,Phyllys,Mc Andrew,pmcandrew33@cbc.ca,Female,167.26.71.246
113,Karna,Percival,kpercival34@independent.co.uk,Female,198.166.178.53
114,Jorge,Paolinelli,jpaolinelli35@princeton.edu,Male,150.154.141.47
115,Amby,Edgson,aedgson36@microsoft.com,Male,179.2.94.7
116,Birch,Stiell,bstiell37@slideshare.net,Male,233.187.18.57
117,Reider,Schwanden,rschwanden38@dailymotion.com,Male,23.160.28.152
118,Corbie,Scones,cscones39@cbc.ca,Male,93.81.192.30
119,Jessie,Skirvin,jskirvin3a@tumblr.com,Male,16.232.48.55
120,Chariot,Rhule,crhule3b@nationalgeographic.com,Male,14.6.27.28
121,Munmro,Croster,mcroster3c@reddit.com,Male,49.210.146.207
122,Issi,Playford,iplayford3d@flavors.me,Female,42.162.231.178
123,Kassi,Ogan,kogan3e@people.com.cn,Female,218.149.184.138
124,Lianne,Eggleton,leggleton3f@domainmarket.com,Female,27.166.30.180
125,Jude,Adlem,jadlem3g@angelfire.com,Male,55.171.239.85
126,Amerigo,Ganderton,aganderton3h@acquirethisname.com,Male,247.13.98.239
127,Layne,Meace,lmeace3i@wix.com,Female,208.149.66.56
128,Elwin,Scudder,escudder3j@dailymail.co.uk,Male,67.181.195.65
129,Gerry,Seggie,gseggie3k@un.org,Male,170.202.57.109
130,Travis,Featherstone,tfeatherstone3l@nih.gov,Male,22.54.81.75
131,Pietrek,Skitteral,pskitteral3m@bizjournals.com,Male,83.125.100.235
132,Nickie,Torrijos,ntorrijos3n@addthis.com,Male,163.123.193.106
133,Muffin,McCome,mmccome3o@msu.edu,Male,167.160.61.81
134,Joel,Gossart,jgossart3p@odnoklassniki.ru,Bigender,118.91.49.166
135,Elisabet,Corbould,ecorbould3q@scientificamerican.com,Female,99.114.147.159
136,Sharl,Hitter,shitter3r@wp.com,Female,116.255.188.102
137,Fey,Poundford,fpoundford3s@seesaa.net,Female,46.57.122.120
138,Nissy,Merrell,nmerrell3t@google.de,Female,56.101.149.244
139,Tabbie,Gabb,tgabb3u@examiner.com,Male,220.52.234.73
140,Tallie,Jeffry,tjeffry3v@washington.edu,Genderfluid,192.39.17.214
141,Gisela,Ghidini,gghidini3w@reverbnation.com,Female,99.215.101.77
142,Kareem,Gainsford,kgainsford3x@furl.net,Male,232.73.218.86
143,Graehme,Blackesland,gblackesland3y@washington.edu,Male,207.228.179.119
144,Waldo,Artingstall,wartingstall3z@ameblo.jp,Male,122.180.43.112
145,Del,Forber,dforber40@google.it,Male,219.82.241.165
146,Ainslie,Lawfull,alawfull41@craigslist.org,Female,142.208.109.133
147,Joline,Velden,jvelden42@example.com,Female,188.199.155.17
148,Virge,Coldbath,vcoldbath43@craigslist.org,Male,192.23.6.131
149,Sherlock,Falvey,sfalvey44@nationalgeographic.com,Agender,146.129.39.0
150,Cherye,Vanns,cvanns45@indiatimes.com,Female,204.225.184.168
151,Sacha,Schott,sschott46@goo.ne.jp,Female,10.184.215.106
152,Ruddie,Kirkland,rkirkland47@ucsd.edu,Male,216.15.88.42
153,Dolli,Lattie,dlattie48@europa.eu,Female,37.204.212.27
154,Sibyl,Bromell,sbromell49@wikimedia.org,Female,128.195.94.126
155,Billi,Bowshire,bbowshire4a@nyu.edu,Female,89.88.83.73
156,Nikaniki,Greenaway,ngreenaway4b@quantcast.com,Polygender,115.99.75.149
157,Kermit,Rubica,krubica4c@unesco.org,Male,181.162.108.103
158,Rudiger,Sailor,rsailor4d@sciencedaily.com,Male,120.214.243.160
159,Deloris,Luca,dluca4e@imdb.com,Female,183.163.107.165
160,Tobiah,Bellringer,tbellringer4f@furl.net,Male,238.9.94.217
161,Rikki,Blethin,rblethin4g@microsoft.com,Male,248.200.21.115
162,Marin,Corzon,mcorzon4h@chronoengine.com,Female,216.15.38.94
163,Tandi,Kurt,tkurt4i@hostgator.com,Female,184.64.225.116
164,Perla,Skuse,pskuse4j@intel.com,Non-binary,156.59.154.123
165,Jocelyne,Sidden,jsidden4k@state.tx.us,Female,237.77.215.4
166,Lisabeth,Barbara,lbarbara4l@walmart.com,Genderfluid,118.163.220.228
167,Deny,Parmer,dparmer4m@nbcnews.com,Female,178.175.218.25
168,Mavra,Durbin,mdurbin4n@harvard.edu,Female,50.97.156.182
169,Arlina,Getcliff,agetcliff4o@jugem.jp,Female,132.81.199.209
170,Howey,Fair,hfair4p@google.fr,Male,3.44.120.95
171,Cornall,Goseling,cgoseling4q@lycos.com,Male,142.66.165.52
172,Carter,Cullotey,ccullotey4r@umich.edu,Male,86.132.237.180
173,Doug,Dober,ddober4s@opensource.org,Male,196.105.133.74
174,Tresa,Billyard,tbillyard4t@reference.com,Female,212.17.254.164
175,Brunhilde,Antonin,bantonin4u@i2i.jp,Female,114.90.16.232
176,Cris,Foulgham,cfoulgham4v@china.com.cn,Male,91.215.239.53
177,Sanson,Rowett,srowett4w@google.it,Male,157.124.15.147
178,Boris,Felder,bfelder4x@engadget.com,Male,129.53.219.194
179,Kaia,Bouts,kbouts4y@chicagotribune.com,Female,92.119.179.205
180,Iosep,Sandwith,isandwith4z@senate.gov,Male,216.99.113.26
181,Fred,Cuerdale,fcuerdale50@intel.com,Male,75.117.45.138
182,Renee,Cancellieri,rcancellieri51@hatena.ne.jp,Female,86.110.198.240
183,Tobie,Takle,ttakle52@icq.com,Male,158.250.189.123
184,Lois,Furzey,lfurzey53@java.com,Female,69.102.184.238
185,Vick,Yushin,vyushin54@elegantthemes.com,Male,125.152.194.129
186,Alexandr,McMenamie,amcmenamie55@123-reg.co.uk,Non-binary,181.162.24.161
187,Brigit,Petrillo,bpetrillo56@adobe.com,Female,132.234.54.63
188,Linnea,Boshere,lboshere57@phpbb.com,Female,222.33.182.203
189,Demetrius,Gleader,dgleader58@opera.com,Male,232.95.24.100
190,Gusti,Cable,gcable59@gizmodo.com,Female,138.196.18.171
191,Tiebout,Davidowich,tdavidowich5a@goo.gl,Male,98.129.120.254
192,Melitta,Sowerbutts,msowerbutts5b@last.fm,Female,66.49.0.201
193,Christine,Silveston,csilveston5c@live.com,Female,152.13.210.86
194,Cynthia,Timberlake,ctimberlake5d@umich.edu,Female,201.34.169.103
195,Marge,Missington,mmissington5e@bing.com,Female,49.41.254.154
196,Darice,Rays,drays5f@addtoany.com,Genderfluid,232.137.0.52
197,Fan,Frude,ffrude5g@newsvine.com,Female,114.108.76.73
198,Violette,Diss,vdiss5h@senate.gov,Female,76.87.169.129
199,Lidia,Kirwin,lkirwin5i@oracle.com,Female,132.226.161.104
200,Sadella,Cardenas,scardenas5j@answers.com,Female,182.92.145.168
201,Ware,Bircher,wbircher5k@zimbio.com,Male,151.117.207.95
202,Tobit,Rosell,trosell5l@alibaba.com,Male,36.71.18.133
203,Tammie,Gall,tgall5m@wp.com,Female,120.233.24.182
204,Ara,Whitnall,awhitnall5n@examiner.com,Female,13.182.56.251
205,Chris,Gomez,cgomez5o@nationalgeographic.com,Male,149.6.72.49
206,Joey,Lett,jlett5p@amazon.co.uk,Male,218.195.180.118
207,Emalia,Yann,eyann5q@wiley.com,Female,9.99.231.83
208,Lisetta,Begg,lbegg5r@omniture.com,Genderqueer,185.34.249.26
209,Kalinda,Habbergham,khabbergham5s@surveymonkey.com,Female,215.252.97.204
210,Davidde,McCheyne,dmccheyne5t@netlog.com,Male,196.21.65.58
211,Seward,Theis,stheis5u@gov.uk,Male,37.179.90.40
212,Damiano,Ferguson,dferguson5v@ustream.tv,Male,136.224.214.201
213,Elfreda,Sherrington,esherrington5w@rambler.ru,Female,199.54.225.183
214,Barb,Thieme,bthieme5x@marketwatch.com,Female,106.29.77.223
215,Garfield,Eringey,geringey5y@reuters.com,Male,28.62.147.69
216,Giusto,Schust,gschust5z@over-blog.com,Male,5.176.194.246
217,Nalani,Flips,nflips60@cbsnews.com,Female,252.114.0.131
218,Codi,Joret,cjoret61@adobe.com,Female,159.54.12.5
219,Alys,Quartermaine,aquartermaine62@mapy.cz,Female,243.14.89.70
220,Cele,Escreet,cescreet63@ehow.com,Female,205.82.35.189
221,Edith,Madoc-Jones,emadocjones64@de.vu,Female,150.115.181.98
222,Phillie,Lillecrop,plillecrop65@yolasite.com,Female,197.76.106.43
223,Der,Rawnsley,drawnsley66@slideshare.net,Male,183.8.169.49
224,Olenka,Mooring,omooring67@independent.co.uk,Female,228.239.202.140
225,Willamina,De Few,wdefew68@photobucket.com,Female,66.246.30.137
226,Maighdiln,Lemmon,mlemmon69@xinhuanet.com,Female,223.163.51.35
227,Ed,Lambourne,elambourne6a@unicef.org,Male,73.158.230.152
228,Gaylord,Wyld,gwyld6b@msn.com,Male,29.147.211.137
229,Corinna,Mutimer,cmutimer6c@abc.net.au,Female,55.233.186.37
230,Aleda,Painswick,apainswick6d@eventbrite.com,Female,176.178.201.80
231,Aldon,Lotte,alotte6e@plala.or.jp,Male,159.146.150.190
232,Stephani,Domoni,sdomoni6f@miibeian.gov.cn,Female,225.44.234.199
233,Lee,Holston,lholston6g@state.tx.us,Male,193.118.180.146
234,Erny,Pawellek,epawellek6h@liveinternet.ru,Male,48.109.8.236
235,Stephanus,O' Hern,sohern6i@purevolume.com,Male,22.134.0.255
236,Griff,Kettridge,gkettridge6j@wordpress.org,Non-binary,99.72.90.93
237,Alexine,Du Pre,adupre6k@about.me,Female,25.110.101.244
238,Dionne,Train,dtrain6l@usatoday.com,Female,9.239.39.4
239,Lanette,Bru,lbru6m@smugmug.com,Female,199.49.136.23
240,Myrvyn,Petracek,mpetracek6n@ibm.com,Male,200.97.131.57
241,Aldwin,Tall,atall6o@latimes.com,Male,49.178.244.48
242,Skipton,Leguay,sleguay6p@paypal.com,Male,61.72.92.246
243,El,Lambert,elambert6q@springer.com,Agender,98.114.134.240
244,Dasya,Stickens,dstickens6r@skyrock.com,Female,12.86.147.189
245,Pedro,Eskrick,peskrick6s@ox.ac.uk,Male,122.3.13.245
246,Ernesta,Densun,edensun6t@cyberchimps.com,Female,69.112.153.27
247,Vaclav,Beaty,vbeaty6u@edublogs.org,Male,133.129.58.41
248,Mavis,Van der Hoven,mvanderhoven6v@ftc.gov,Female,16.19.139.141
249,Berri,Dorkens,bdorkens6w@youtube.com,Female,140.14.99.191
250,Dante,Paragreen,dparagreen6x@oakley.com,Male,131.155.92.17
251,George,Riepl,griepl6y@discuz.net,Female,127.143.225.47
252,Rosana,Ridgway,rridgway6z@friendfeed.com,Female,130.180.15.91
253,Clotilda,Hessing,chessing70@free.fr,Female,64.4.136.213
254,Boniface,Lauks,blauks71@intel.com,Male,254.214.172.235
255,Marylinda,Roget,mroget72@google.co.uk,Female,9.63.200.177
256,Celinda,Lishmund,clishmund73@booking.com,Female,253.132.129.252
257,Thorstein,Powley,tpowley74@shutterfly.com,Male,233.235.177.93
258,Debbie,Klouz,dklouz75@thetimes.co.uk,Female,36.146.124.140
259,Cull,Arthy,carthy76@youku.com,Male,233.184.32.199
260,Ronna,Shewry,rshewry77@google.com.hk,Female,115.218.38.240
261,Madlin,Bellany,mbellany78@google.com.br,Female,10.15.40.161
262,Thelma,Studman,tstudman79@ehow.com,Bigender,218.69.240.86
263,Mortie,Hauxby,mhauxby7a@people.com.cn,Male,254.158.180.247
264,Tate,MacVicar,tmacvicar7b@china.com.cn,Female,180.128.124.189
265,Windham,Simonson,wsimonson7c@washington.edu,Genderqueer,3.140.23.3
266,Keven,Blenkiron,kblenkiron7d@blog.com,Male,139.115.113.69
267,Ajay,Cavendish,acavendish7e@latimes.com,Female,12.14.145.26
268,Cordula,Chatan,cchatan7f@archive.org,Female,184.157.213.128
269,Manuel,Grog,mgrog7g@ted.com,Male,101.46.161.3
270,Dex,Devonport,ddevonport7h@nba.com,Male,99.145.229.208
271,Salvidor,Lindelof,slindelof7i@goodreads.com,Male,199.28.37.217
272,Dennison,Blyth,dblyth7j@geocities.jp,Male,30.233.134.133
273,Kerri,Winders,kwinders7k@linkedin.com,Female,35.237.108.169
274,Tybie,Fincher,tfincher7l@nbcnews.com,Female,101.135.122.1
275,Sheilah,McGinty,smcginty7m@java.com,Bigender,46.2.17.216
276,Marie-jeanne,Dellenbroker,mdellenbroker7n@g.co,Female,91.220.81.203
277,Shadow,Whilder,swhilder7o@youtube.com,Male,87.204.30.163
278,Haze,Burkitt,hburkitt7p@etsy.com,Male,148.83.168.58
279,Abbey,Biesinger,abiesinger7q@dyndns.org,Male,48.239.162.30
280,Jerrine,Nattriss,jnattriss7r@weebly.com,Female,165.196.45.180
281,Tamera,Lechmere,tlechmere7s@topsy.com,Female,215.23.202.250
282,Gay,Gerrill,ggerrill7t@shutterfly.com,Male,25.3.254.209
283,Tonnie,Limeburner,tlimeburner7u@dot.gov,Male,42.101.157.3
284,Kerr,Gribble,kgribble7v@examiner.com,Genderqueer,165.147.189.50
285,Wilmer,Dominka,wdominka7w@sohu.com,Male,123.97.199.158
286,Cindie,Hassin,chassin7x@google.fr,Female,134.67.16.116
287,Georgi,Moscrop,gmoscrop7y@bloglovin.com,Male,149.243.178.139
288,Arney,Flott,aflott7z@diigo.com,Male,168.153.92.17
289,Justin,Ourtic,jourtic80@netvibes.com,Male,176.71.68.72
290,Peirce,Rowbotham,prowbotham81@ameblo.jp,Male,141.55.53.160
291,Ezequiel,Ealam,eealam82@sphinn.com,Male,149.242.225.81
292,Evaleen,Augustin,eaugustin83@chicagotribune.com,Female,225.5.166.43
293,Jerrome,Geerling,jgeerling84@indiegogo.com,Male,193.168.186.102
294,Melli,McClinton,mmcclinton85@mac.com,Female,241.97.152.105
295,Vina,Defrain,vdefrain86@netscape.com,Female,118.69.138.42
296,Otho,Balle,oballe87@cbsnews.com,Male,31.190.45.230
297,Laraine,Pozzo,lpozzo88@ucsd.edu,Female,19.28.248.94
298,Rorke,Penwarden,rpenwarden89@chronoengine.com,Male,202.165.117.93
299,Natasha,Standon,nstandon8a@oaic.gov.au,Female,43.8.162.19
300,Marybelle,McAw,mmcaw8b@mozilla.com,Female,99.98.49.141
301,Ninetta,Dockreay,ndockreay8c@uol.com.br,Female,215.94.120.210
302,Vaughn,Patrone,vpatrone8d@surveymonkey.com,Male,198.176.92.153
303,Verna,Antley,vantley8e@seattletimes.com,Female,223.38.0.178
304,Veriee,Beggan,vbeggan8f@surveymonkey.com,Female,68.168.65.134
305,Chan,Nayer,cnayer8g@storify.com,Agender,51.95.53.84
306,Burk,Nicolson,bnicolson8h@tripadvisor.com,Male,70.70.46.184
307,Leeann,Sanders,lsanders8i@globo.com,Female,3.105.74.57
308,Barbaraanne,Macconaghy,bmacconaghy8j@behance.net,Female,128.215.142.55
309,Charlotte,Fayerman,cfayerman8k@ucsd.edu,Female,198.79.89.77
310,Richmound,Sugge,rsugge8l@1und1.de,Male,251.193.84.51
311,Harriette,Pashe,hpashe8m@indiatimes.com,Female,227.200.215.198
312,Andeee,Dunsmore,adunsmore8n@usnews.com,Female,71.67.107.108
313,Annabella,Bowller,abowller8o@xrea.com,Female,96.106.198.19
314,Lemar,Sayers,lsayers8p@washington.edu,Male,228.174.124.71
315,Josi,Dockrell,jdockrell8q@google.co.uk,Female,216.6.123.63
316,Kennedy,Wackly,kwackly8r@amazonaws.com,Male,162.251.165.59
317,Fionna,Tute,ftute8s@mtv.com,Female,108.241.215.0
318,Theodosia,Straniero,tstraniero8t@technorati.com,Agender,0.44.247.6
319,Kamilah,Binge,kbinge8u@hao123.com,Female,29.61.173.47
320,Sherrie,Sherme,ssherme8v@gnu.org,Female,28.248.8.29
321,Ruthie,Rosenbarg,rrosenbarg8w@pinterest.com,Non-binary,16.38.138.0
322,Vere,Stonhard,vstonhard8x@nymag.com,Female,94.37.118.179
323,Caroline,Storie,cstorie8y@google.fr,Female,192.149.32.207
324,Devlin,Absolon,dabsolon8z@admin.ch,Male,81.169.238.66
325,Wheeler,Alleyn,walleyn90@cdbaby.com,Genderfluid,138.180.89.249
326,Sax,MacGrath,smacgrath91@cbslocal.com,Male,114.56.240.158
327,Lotty,Bedberry,lbedberry92@nbcnews.com,Female,188.59.127.133
328,Beulah,Bee,bbee93@xinhuanet.com,Female,126.234.114.194
329,Vivyanne,Muller,vmuller94@yelp.com,Female,16.68.47.189
330,Silvana,Marian,smarian95@irs.gov,Female,242.224.212.87
331,Donica,Yorke,dyorke96@live.com,Female,34.252.10.141
332,Rodney,Pittock,rpittock97@google.ca,Male,43.45.158.185
333,Corny,Radsdale,cradsdale98@nature.com,Male,44.56.153.191
334,Karisa,Lathan,klathan99@hostgator.com,Female,253.91.243.14
335,Ulrikaumeko,Clewer,uclewer9a@illinois.edu,Female,177.211.128.63
336,Garrot,Vannuccini,gvannuccini9b@vistaprint.com,Male,195.45.172.69
337,Gloriana,Kivelhan,gkivelhan9c@nature.com,Polygender,246.212.23.228
338,Olenka,Argontt,oargontt9d@123-reg.co.uk,Female,133.142.75.49
339,Dedra,Tills,dtills9e@soundcloud.com,Female,117.19.90.48
340,Ethelin,Bernth,ebernth9f@cargocollective.com,Female,219.235.158.224
341,Chet,Makiver,cmakiver9g@walmart.com,Male,186.65.91.186
342,Ebeneser,Bletso,ebletso9h@google.com.br,Male,37.191.68.50
343,Granger,Harrell,gharrell9i@hibu.com,Polygender,152.177.30.119
344,Devlen,Ackers,dackers9j@webeden.co.uk,Male,17.101.129.211
345,Winfield,Keiling,wkeiling9k@tamu.edu,Male,87.107.165.177
346,Chandal,Loveless,cloveless9l@sciencedirect.com,Female,141.102.151.30
347,Davina,Atkirk,datkirk9m@liveinternet.ru,Female,32.130.227.37
348,Linzy,Ponton,lponton9n@miibeian.gov.cn,Female,235.145.226.174
349,Aime,Brendel,abrendel9o@devhub.com,Female,137.155.184.8
350,Kirsti,Keays,kkeays9p@parallels.com,Female,82.87.119.177
351,Wandie,Vockins,wvockins9q@state.tx.us,Female,102.168.143.139
352,Mendie,Klamp,mklamp9r@unc.edu,Male,209.225.84.101
353,Rois,MacCallion,rmaccallion9s@mashable.com,Genderfluid,112.108.213.112
354,Chrissie,Lembcke,clembcke9t@ebay.co.uk,Male,211.83.229.47
355,Emylee,Jonczyk,ejonczyk9u@webeden.co.uk,Female,24.190.144.171
356,Torre,Chater,tchater9v@prlog.org,Bigender,81.221.243.206
357,Kassi,Hebburn,khebburn9w@wordpress.com,Female,17.106.107.210
358,Orella,Gleed,ogleed9x@wufoo.com,Female,119.226.224.34
359,Mair,Gratland,mgratland9y@bandcamp.com,Female,11.83.152.147
360,Callean,Sempill,csempill9z@reuters.com,Male,37.43.218.204
361,Caye,Janacek,cjanaceka0@wp.com,Female,150.71.26.232
362,Rasia,Pagden,rpagdena1@symantec.com,Female,152.152.54.29
363,Killian,Whiteson,kwhitesona2@sfgate.com,Male,253.233.158.91
364,Marielle,Holde,mholdea3@businessinsider.com,Female,109.47.10.130
365,Chiquita,Budgeon,cbudgeona4@nsw.gov.au,Female,204.53.80.24
366,Joela,Hatcliffe,jhatcliffea5@blogs.com,Female,94.3.58.250
367,Dyane,Laird-Craig,dlairdcraiga6@squarespace.com,Female,156.225.47.230
368,Carleen,Arbuckle,carbucklea7@wikipedia.org,Genderqueer,5.133.89.55
369,Boycey,Boner,bbonera8@webmd.com,Male,157.20.43.2
370,Reggy,Mullany,rmullanya9@studiopress.com,Male,24.12.159.154
371,Bronson,Frederick,bfrederickaa@dot.gov,Male,17.148.67.27
372,Dav,Tidder,dtidderab@google.com.br,Male,7.92.27.46
373,Ced,Minney,cminneyac@bbc.co.uk,Male,223.206.13.84
374,Bab,Tegler,bteglerad@sitemeter.com,Female,216.166.225.211
375,Gino,Hardstaff,ghardstaffae@timesonline.co.uk,Male,112.218.249.180
376,Guthrie,Gladebeck,ggladebeckaf@bloglovin.com,Male,66.197.52.102
377,Sydney,Summons,ssummonsag@hibu.com,Female,134.4.250.145
378,Ruddy,Dorie,rdorieah@npr.org,Male,180.127.169.98
379,Melonie,Attwoull,mattwoullai@chronoengine.com,Female,147.187.68.19
380,Biddie,Taye,btayeaj@google.com,Female,66.71.13.206
381,Hershel,Skipping,hskippingak@mail.ru,Male,68.109.124.111
382,Tabbie,Razoux,trazouxal@squidoo.com,Male,1.53.69.152
383,Reese,Malia,rmaliaam@fastcompany.com,Male,8.160.3.157
384,Nowell,Proger,nprogeran@chicagotribune.com,Male,233.235.58.100
385,Horatius,Di Giacomo,hdigiacomoao@ftc.gov,Male,219.12.91.107
386,Norrie,Silverston,nsilverstonap@purevolume.com,Male,43.110.46.107
387,Hazel,Farnes,hfarnesaq@huffingtonpost.com,Male,150.0.183.34
388,Gabriele,Mapstone,gmapstonear@archive.org,Male,54.103.113.203
389,Reade,Savaage,rsavaageas@histats.com,Male,247.106.164.182
390,Lena,Fulcher,lfulcherat@nih.gov,Genderqueer,22.198.161.41
391,Blaire,Cashmore,bcashmoreau@odnoklassniki.ru,Female,147.186.205.239
392,Moina,Haysey,mhayseyav@tinyurl.com,Female,111.60.151.83
393,Lexie,Druett,ldruettaw@phpbb.com,Female,247.209.240.115
394,Kipp,Dunford,kdunfordax@youtu.be,Male,11.147.225.93
395,Nicol,Fessler,nfessleray@imdb.com,Non-binary,206.114.106.187
396,Morton,Askaw,maskawaz@dagondesign.com,Male,62.119.72.43
397,Shelly,Sibbe,ssibbeb0@meetup.com,Female,198.247.252.8
398,Bidget,Neilson,bneilsonb1@opera.com,Female,196.223.110.5
399,Lucia,Serrell,lserrellb2@skype.com,Female,211.241.59.105
400,Cyrus,Wearden,cweardenb3@123-reg.co.uk,Male,30.43.25.207
401,Ty,Stiggles,tstigglesb4@arizona.edu,Male,208.186.177.190
402,Krishnah,Binyon,kbinyonb5@miitbeian.gov.cn,Male,133.167.155.54
403,Jany,Delhanty,jdelhantyb6@gmpg.org,Polygender,159.188.71.81
404,Cathrine,Spincke,cspinckeb7@chronoengine.com,Female,163.164.233.93
405,Paulette,Bautiste,pbautisteb8@census.gov,Female,252.135.48.225
406,Job,Ceschelli,jceschellib9@kickstarter.com,Male,206.253.164.124
407,Harriette,Niccolls,hniccollsba@elegantthemes.com,Female,70.169.225.13
408,Reta,Harcus,rharcusbb@nps.gov,Female,140.59.58.219
409,Archambault,Patis,apatisbc@hao123.com,Male,166.45.44.244
410,Arin,Polland,apollandbd@wordpress.com,Male,61.28.210.149
411,Beverly,Twallin,btwallinbe@whitehouse.gov,Female,191.37.27.245
412,Delly,MacDermot,dmacdermotbf@newsvine.com,Female,17.162.163.116
413,Graig,Cotman,gcotmanbg@biglobe.ne.jp,Male,169.47.23.8
414,Quent,Higgonet,qhiggonetbh@bluehost.com,Male,93.106.111.205
415,Davide,Johnston,djohnstonbi@biblegateway.com,Male,31.212.82.126
416,Tomaso,Tweedlie,ttweedliebj@phoca.cz,Male,122.103.12.206
417,Dacia,Norbury,dnorburybk@ocn.ne.jp,Female,157.161.90.209
418,Kinsley,Loche,klochebl@pen.io,Male,235.120.223.157
419,Donna,Feore,dfeorebm@slashdot.org,Female,248.156.149.28
420,Edd,Clack,eclackbn@wikipedia.org,Male,116.198.62.227
421,Freida,McKilroe,fmckilroebo@dailymail.co.uk,Female,221.106.214.178
422,Michelle,Grassi,mgrassibp@google.fr,Female,239.46.145.115
423,Madlen,Gimblet,mgimbletbq@istockphoto.com,Female,108.185.93.77
424,Sebastiano,Bayne,sbaynebr@cmu.edu,Male,111.134.168.103
425,Lewes,Everist,leveristbs@joomla.org,Male,0.181.211.223
426,Cordey,Bushen,cbushenbt@opensource.org,Female,69.192.107.126
427,Itch,Barnsdall,ibarnsdallbu@twitter.com,Male,19.237.183.122
428,Farrel,Pedrollo,fpedrollobv@instagram.com,Male,67.218.168.73
429,Amara,Beric,abericbw@usda.gov,Female,191.217.164.133
430,Riki,Fransinelli,rfransinellibx@amazon.co.jp,Female,219.211.134.156
431,Diana,Allcorn,dallcornby@newyorker.com,Female,87.129.60.10
432,Wilhelmine,Elson,welsonbz@acquirethisname.com,Female,251.46.60.237
433,Jacinthe,Larver,jlarverc0@smugmug.com,Female,165.197.72.151
434,Cookie,Mac,cmacc1@sogou.com,Female,22.45.241.91
435,Gerhardt,Doley,gdoleyc2@jimdo.com,Male,125.0.188.41
436,Dulcea,Maryman,dmarymanc3@spiegel.de,Female,15.65.79.50
437,Cary,Towe,ctowec4@addtoany.com,Male,153.41.140.255
438,Rora,Van de Vlies,rvandevliesc5@reuters.com,Female,136.224.48.107
439,Brandais,Tanzig,btanzigc6@sfgate.com,Bigender,151.203.236.30
440,Mable,Craghead,mcragheadc7@arizona.edu,Female,252.16.0.139
441,Samaria,Denyakin,sdenyakinc8@timesonline.co.uk,Female,151.24.76.50
442,Malena,Kedie,mkediec9@seattletimes.com,Female,72.13.217.164
443,Fredi,Kulic,fkulicca@wunderground.com,Female,249.252.219.6
444,Mathias,Killingsworth,mkillingsworthcb@weibo.com,Male,60.132.159.215
445,Sal,Wrightem,swrightemcc@mac.com,Male,40.71.99.228
446,Mayer,Sherr,msherrcd@globo.com,Male,176.88.230.229
447,Curcio,Evison,cevisonce@wordpress.com,Male,250.41.66.176
448,Roland,Pheasey,rpheaseycf@yale.edu,Male,65.181.179.82
449,Wendel,Dearness,wdearnesscg@omniture.com,Male,222.192.231.126
450,Saudra,Eastway,seastwaych@soundcloud.com,Female,212.213.79.73
451,Bartolemo,Chantillon,bchantillonci@php.net,Male,203.129.236.125
452,Mari,Kloster,mklostercj@ameblo.jp,Female,219.121.203.192
453,Sile,Crowne,scrowneck@squarespace.com,Female,90.22.144.1
454,Wilfrid,Semered,wsemeredcl@nih.gov,Male,71.142.12.95
455,Percival,Oehm,poehmcm@alibaba.com,Male,30.191.72.5
456,Rae,Fawcitt,rfawcittcn@stumbleupon.com,Female,78.23.181.83
457,George,Compston,gcompstonco@shop-pro.jp,Female,144.147.221.254
458,Niko,Myrtle,nmyrtlecp@apache.org,Male,83.205.99.53
459,Regina,Brittle,rbrittlecq@mlb.com,Bigender,177.104.172.132
460,Cameron,Shermore,cshermorecr@geocities.jp,Agender,68.178.119.71
461,Elianora,Clementet,eclementetcs@huffingtonpost.com,Genderfluid,21.254.251.249
462,Ignacius,Towsie,itowsiect@histats.com,Male,226.252.104.74
463,Kathi,Simonazzi,ksimonazzicu@nbcnews.com,Female,1.49.40.7
464,Danya,Amdohr,damdohrcv@e-recht24.de,Genderqueer,155.75.224.185
465,Vinnie,Scramage,vscramagecw@vkontakte.ru,Male,56.11.141.229
466,Avery,Diperaus,adiperauscx@tmall.com,Male,26.164.190.118
467,Orlando,Cromarty,ocromartycy@mysql.com,Polygender,21.103.111.84
468,Leigh,Syne,lsynecz@foxnews.com,Male,126.102.26.60
469,Ferd,Bowlesworth,fbowlesworthd0@live.com,Male,246.12.64.247
470,Cecily,Jefford,cjeffordd1@prlog.org,Female,96.226.40.182
471,Judie,Bartrum,jbartrumd2@shutterfly.com,Female,249.151.172.76
472,Kaine,Rose,krosed3@engadget.com,Male,64.1.120.127
473,Any,Richarson,aricharsond4@earthlink.net,Male,187.96.97.239
474,Maureen,Robrow,mrobrowd5@indiegogo.com,Female,205.244.225.16
475,Donielle,Prazer,dprazerd6@homestead.com,Female,74.30.36.207
476,Kaile,Methley,kmethleyd7@wsj.com,Female,174.168.185.239
477,Huey,Pury,hpuryd8@smugmug.com,Male,107.172.19.122
478,Ab,Townsend,atownsendd9@sogou.com,Agender,182.183.66.22
479,Bruis,Rudd,bruddda@jugem.jp,Male,242.195.7.106
480,Karel,Chazelas,kchazelasdb@paginegialle.it,Male,190.30.163.194
481,Valentine,Deveraux,vdeverauxdc@gravatar.com,Male,5.127.254.213
482,Cory,Tranter,ctranterdd@1und1.de,Female,216.236.49.126
483,Ford,Cristofaro,fcristofarode@acquirethisname.com,Male,246.138.77.243
484,Wilden,Skates,wskatesdf@tinyurl.com,Male,214.169.132.51
485,Efren,Geroldini,egeroldinidg@businesswire.com,Male,131.86.89.167
486,Byron,Burg,bburgdh@engadget.com,Male,18.62.213.107
487,Zach,Antushev,zantushevdi@creativecommons.org,Male,239.146.155.23
488,Jean,Guild,jguilddj@adobe.com,Female,241.2.75.187
489,Penni,Behneke,pbehnekedk@answers.com,Female,74.210.61.176
490,Pierre,Silverthorne,psilverthornedl@go.com,Male,129.220.84.86
491,Kent,Tapscott,ktapscottdm@whitehouse.gov,Male,174.202.27.73
492,Konrad,de Courcey,kdecourceydn@examiner.com,Male,103.161.92.131
493,Janek,Proudlock,jproudlockdo@blogspot.com,Male,58.127.204.132
494,Leora,Meriott,lmeriottdp@elpais.com,Female,22.52.79.17
495,Hamel,holmes,hholmesdq@google.com.au,Male,38.95.27.173
496,Diandra,Alasdair,dalasdairdr@networkadvertising.org,Agender,121.138.84.75
497,Parry,Couldwell,pcouldwellds@eventbrite.com,Male,11.72.222.46
498,Franzen,Oxtaby,foxtabydt@europa.eu,Male,189.109.233.208
499,Nari,Picott,npicottdu@ovh.net,Female,10.7.13.97
500,Meredith,Treble,mtrebledv@opensource.org,Agender,165.227.240.99
501,Maison,Grinval,mgrinvaldw@nbcnews.com,Male,137.201.182.179
502,Henrieta,Kitchenside,hkitchensidedx@dmoz.org,Female,157.130.150.179
503,Nadia,Townsend,ntownsenddy@weibo.com,Female,200.211.204.196
504,Jareb,Mumm,jmummdz@networkadvertising.org,Male,42.208.25.191
505,Devland,Yewdale,dyewdalee0@blogspot.com,Male,123.167.63.122
506,Sheryl,Prior,spriore1@posterous.com,Female,126.78.189.219
507,Claudina,Gainor,cgainore2@storify.com,Female,202.237.240.45
508,Blondy,Jankovic,bjankovice3@tripadvisor.com,Female,56.131.131.158
509,Shay,Brashaw,sbrashawe4@sogou.com,Female,226.85.64.176
510,Tiphanie,O'Lenane,tolenanee5@php.net,Female,162.249.102.190
511,Zechariah,Novelli,znovellie6@mlb.com,Male,10.73.166.90
512,Buck,Hayton,bhaytone7@hc360.com,Male,76.31.235.21
513,Martainn,Gibbie,mgibbiee8@sciencedirect.com,Genderqueer,66.155.245.85
514,Clarette,Blunn,cblunne9@hexun.com,Female,39.96.156.235
515,Elsbeth,Eldritt,eeldrittea@nba.com,Female,251.194.222.241
516,Atlante,Goodricke,agoodrickeeb@slashdot.org,Female,74.115.220.131
517,Addie,Getty,agettyec@walmart.com,Female,113.149.22.188
518,Geoffrey,Brignell,gbrignelled@msn.com,Male,78.41.170.218
519,Lauri,Foulkes,lfoulkesee@google.cn,Female,0.155.12.50
520,Bil,Pannett,bpannettef@behance.net,Male,79.249.107.219
521,Iggie,Stive,istiveeg@fc2.com,Male,163.65.34.57
522,Kacie,Boice,kboiceeh@ocn.ne.jp,Female,200.174.66.24
523,Dolores,Lempel,dlempelei@usda.gov,Polygender,134.183.181.39
524,Jolie,Chasier,jchasierej@bloglines.com,Female,199.111.227.176
525,Rockey,Semken,rsemkenek@china.com.cn,Male,30.56.165.57
526,Mal,Fishlock,mfishlockel@parallels.com,Male,235.229.228.91
527,Hedwiga,Davidovsky,hdavidovskyem@columbia.edu,Polygender,95.245.120.0
528,Evanne,Iamittii,eiamittiien@phpbb.com,Female,64.215.248.208
529,Tony,Mitchenson,tmitchensoneo@xing.com,Male,145.255.179.7
530,Christoforo,Ridout,cridoutep@chron.com,Male,15.145.250.105
531,Romeo,Follitt,rfollitteq@dedecms.com,Male,154.108.218.91
532,Karlik,Burless,kburlesser@goo.ne.jp,Male,59.104.181.209
533,Erin,Dreossi,edreossies@unesco.org,Bigender,213.159.25.87
534,Matt,Cracknell,mcracknellet@nydailynews.com,Male,108.138.43.9
535,Ranice,Gunson,rgunsoneu@cocolog-nifty.com,Female,38.203.92.38
536,Lyman,Snarie,lsnarieev@themeforest.net,Male,232.124.111.218
537,Ignacius,Senyard,isenyardew@europa.eu,Male,32.66.76.236
538,Tyson,Presidey,tpresideyex@hostgator.com,Genderqueer,210.172.92.18
539,Obidiah,Caddan,ocaddaney@is.gd,Male,223.218.36.92
540,Shina,Phil,sphilez@independent.co.uk,Agender,212.149.69.241
541,Didi,Mc Ilory,dmciloryf0@histats.com,Female,234.109.239.91
542,Nicholas,Geibel,ngeibelf1@comsenz.com,Male,247.215.255.124
543,Auberta,Standen,astandenf2@narod.ru,Female,158.134.209.79
544,Gery,Barfitt,gbarfittf3@nbcnews.com,Male,164.106.18.169
545,Abba,Truran,atruranf4@jalbum.net,Male,145.170.158.76
546,Dierdre,Zanuciolii,dzanucioliif5@ucoz.ru,Bigender,108.62.211.159
547,Alexandre,Sellars,asellarsf6@foxnews.com,Male,63.19.83.58
548,Gayel,Winslett,gwinslettf7@vistaprint.com,Female,105.15.156.34
549,Jarrett,Waeland,jwaelandf8@com.com,Male,43.129.38.1
550,Austin,Allcroft,aallcroftf9@irs.gov,Male,150.129.235.251
551,Maggie,Assender,massenderfa@gnu.org,Female,51.178.40.23
552,Marcia,Carnell,mcarnellfb@flickr.com,Female,41.209.133.74
553,Jyoti,Wollers,jwollersfc@stanford.edu,Female,100.218.197.32
554,Petey,Cerro,pcerrofd@linkedin.com,Male,224.96.155.181
555,Carolan,M'Quharg,cmquhargfe@drupal.org,Female,233.108.173.181
556,Dick,Cuer,dcuerff@tamu.edu,Male,34.61.98.26
557,Osbert,Hendrikse,ohendriksefg@bravesites.com,Male,54.237.192.162
558,Justino,Berling,jberlingfh@over-blog.com,Male,0.125.181.219
559,Pyotr,Nineham,pninehamfi@toplist.cz,Male,154.121.116.47
560,Mathilda,Heeran,mheeranfj@oaic.gov.au,Female,202.176.111.1
561,Hillel,Kyneton,hkynetonfk@sun.com,Male,217.71.110.183
562,Lizabeth,Eshelby,leshelbyfl@meetup.com,Female,27.49.111.36
563,Oswell,Breinl,obreinlfm@tinyurl.com,Male,182.196.248.184
564,Sharona,Folland,sfollandfn@google.nl,Genderqueer,44.204.247.148
565,Zuzana,Cokly,zcoklyfo@huffingtonpost.com,Female,243.86.125.1
566,Madel,Egell,megellfp@a8.net,Female,70.16.95.116
567,Ashely,Poyser,apoyserfq@elegantthemes.com,Female,116.54.147.247
568,Lucy,Rowlstone,lrowlstonefr@nps.gov,Non-binary,95.64.118.198
569,Olag,Ringsell,oringsellfs@gmpg.org,Male,73.186.232.101
570,June,Tanby,jtanbyft@soundcloud.com,Female,48.94.119.154
571,Domenico,Lamond,dlamondfu@tinyurl.com,Male,144.85.219.182
572,Jamison,Bullers,jbullersfv@list-manage.com,Male,232.240.26.139
573,Ravid,Millier,rmillierfw@google.com.au,Male,143.26.39.41
574,Marcellus,Gibke,mgibkefx@fastcompany.com,Male,60.98.108.103
575,Jarid,Girk,jgirkfy@pen.io,Male,169.119.142.137
576,Randell,Philp,rphilpfz@ucoz.com,Male,18.59.17.161
577,Rob,Chelnam,rchelnamg0@ameblo.jp,Male,80.128.178.1
578,Jarret,Josilevich,jjosilevichg1@macromedia.com,Male,80.110.67.22
579,Cherin,Brimming,cbrimmingg2@freewebs.com,Female,58.20.84.116
580,Niki,Woodrough,nwoodroughg3@google.cn,Male,168.93.229.221
581,Nikaniki,Alcido,nalcidog4@hatena.ne.jp,Female,124.187.88.42
582,Juli,Goering,jgoeringg5@businesswire.com,Female,109.67.9.148
583,Gardener,Tourry,gtourryg6@xrea.com,Non-binary,1.198.2.198
584,Noak,Bruin,nbruing7@washingtonpost.com,Male,241.114.25.21
585,Merl,Labell,mlabellg8@boston.com,Female,165.145.6.62
586,Gianni,Goater,ggoaterg9@businessinsider.com,Male,39.134.92.227
587,Kissie,Leyband,kleybandga@apple.com,Female,3.119.36.180
588,Sinclair,Drysdell,sdrysdellgb@ask.com,Male,141.67.50.26
589,Karry,Di Pietro,kdipietrogc@imageshack.us,Female,131.179.106.83
590,Xenos,Windross,xwindrossgd@angelfire.com,Male,187.216.92.96
591,Bud,Tomes,btomesge@gizmodo.com,Male,88.155.101.182
592,Alethea,Stellin,astellingf@indiatimes.com,Female,39.188.135.14
593,Merrick,Girone,mgironegg@godaddy.com,Male,89.185.197.54
594,Esdras,McCahey,emccaheygh@engadget.com,Male,135.222.68.163
595,Wenonah,Giorgini,wgiorginigi@tiny.cc,Non-binary,5.86.188.221
596,Marve,Burras,mburrasgj@arizona.edu,Male,219.107.79.157
597,Freddie,Balsillie,fbalsilliegk@sohu.com,Female,44.185.4.35
598,Sarene,Austins,saustinsgl@sitemeter.com,Female,231.220.14.126
599,Tory,Antley,tantleygm@example.com,Female,9.185.231.136
600,Sybilla,Sandison,ssandisongn@businessinsider.com,Female,148.31.35.122
601,Arlena,Vidyapin,avidyapingo@timesonline.co.uk,Bigender,191.34.146.99
602,Rosetta,Fone,rfonegp@baidu.com,Female,207.191.206.3
603,Blakeley,Sante,bsantegq@cdbaby.com,Female,103.158.179.232
604,Kacey,Cammis,kcammisgr@bandcamp.com,Female,180.104.92.182
605,Moss,Lehrer,mlehrergs@techcrunch.com,Male,110.234.214.107
606,Steffi,Hub,shubgt@samsung.com,Female,154.115.27.119
607,Tabbie,Harradine,tharradinegu@google.com.br,Male,188.140.217.250
608,Marissa,Salling,msallinggv@va.gov,Female,34.195.98.119
609,Camila,Selvey,cselveygw@oracle.com,Female,38.27.194.147
610,Sharleen,Kinleyside,skinleysidegx@smh.com.au,Female,137.241.41.224
611,Emlen,Wych,ewychgy@etsy.com,Male,205.171.250.116
612,Elianore,Dorcey,edorceygz@mit.edu,Female,202.208.56.135
613,Tris,Jeannet,tjeanneth0@europa.eu,Male,139.164.216.0
614,Amelie,Escoffier,aescoffierh1@umich.edu,Female,132.172.118.120
615,Bevan,Callum,bcallumh2@google.nl,Male,57.146.230.125
616,Fernande,Tuppeny,ftuppenyh3@sciencedaily.com,Female,246.83.161.192
617,Moyna,Chucks,mchucksh4@desdev.cn,Female,76.98.149.94
618,Tirrell,Rampage,trampageh5@goo.ne.jp,Male,254.105.110.79
619,Ives,Severns,isevernsh6@ucla.edu,Male,237.72.95.12
620,Antonino,Antat,aantath7@myspace.com,Male,169.167.132.32
621,Kore,Bushen,kbushenh8@businesswire.com,Female,86.176.163.147
622,Maurice,Fenners,mfennersh9@youtu.be,Male,19.177.49.129
623,Con,Fairbrother,cfairbrotherha@tumblr.com,Female,25.153.207.178
624,Albertina,Sproul,asproulhb@usnews.com,Female,7.208.5.238
625,Christye,Kobierra,ckobierrahc@prnewswire.com,Female,230.192.175.174
626,Aubrie,Balsdon,abalsdonhd@house.gov,Female,221.155.135.118
627,Roseanne,Zahor,rzahorhe@smugmug.com,Female,8.103.27.131
628,Far,Behling,fbehlinghf@over-blog.com,Male,0.186.112.16
629,Michaelina,Christian,mchristianhg@cisco.com,Genderqueer,56.129.224.32
630,Quintina,Curton,qcurtonhh@linkedin.com,Female,111.197.9.16
631,Amaleta,Sharples,asharpleshi@parallels.com,Female,147.85.184.174
632,Violante,Whymark,vwhymarkhj@go.com,Female,34.128.112.116
633,Harland,Devin,hdevinhk@sina.com.cn,Male,230.151.243.230
634,Dorotea,Kenwin,dkenwinhl@bravesites.com,Female,116.86.164.228
635,Daffi,Counter,dcounterhm@utexas.edu,Female,195.67.16.125
636,Clayson,Raywood,craywoodhn@myspace.com,Male,173.227.171.215
637,Hollyanne,Roome,hroomeho@livejournal.com,Female,215.155.21.65
638,Murielle,Ginn,mginnhp@gizmodo.com,Female,88.91.209.231
639,Imogene,Gurley,igurleyhq@ca.gov,Female,23.106.173.124
640,Berte,Eayres,beayreshr@timesonline.co.uk,Female,98.67.93.211
641,Bernardina,Lanphier,blanphierhs@yelp.com,Bigender,240.242.26.167
642,Patin,Lacey,placeyht@mysql.com,Male,36.31.106.16
643,Cleveland,Dresse,cdressehu@google.com.br,Male,182.236.13.136
644,Drud,Mytton,dmyttonhv@pinterest.com,Male,176.187.218.148
645,Stan,Lampaert,slampaerthw@imdb.com,Male,32.133.87.18
646,Loise,Withull,lwithullhx@earthlink.net,Female,156.5.2.78
647,Wenonah,McSparran,wmcsparranhy@youtube.com,Female,87.136.51.85
648,Ingelbert,Hatcher,ihatcherhz@ovh.net,Male,238.175.243.62
649,Gordy,Phython,gphythoni0@pen.io,Male,234.5.250.52
650,Yorgo,Kellogg,ykelloggi1@diigo.com,Male,231.224.201.5
651,Chloe,Haggett,chaggetti2@addtoany.com,Female,22.68.61.196
652,Moshe,Goldthorp,mgoldthorpi3@ocn.ne.jp,Male,51.29.104.223
653,Harriett,Ellerby,hellerbyi4@studiopress.com,Female,216.132.120.203
654,Tulley,Standish,tstandishi5@wsj.com,Male,31.126.241.137
655,Faber,Langton,flangtoni6@domainmarket.com,Bigender,214.53.220.61
656,Linda,Blundel,lblundeli7@google.com.au,Female,235.231.173.138
657,Baxy,Fullard,bfullardi8@fema.gov,Male,185.83.99.42
658,Hall,Ascrofte,hascroftei9@lycos.com,Male,71.181.207.30
659,Ruthann,O'Hdirscoll,rohdirscollia@ow.ly,Female,182.53.252.10
660,Misti,Iori,mioriib@chronoengine.com,Female,229.174.254.130
661,Durand,Urion,durionic@instagram.com,Male,203.130.207.210
662,Prinz,Ellaman,pellamanid@amazon.de,Male,240.62.212.2
663,Oneida,McKernan,omckernanie@domainmarket.com,Female,14.201.110.125
664,Howie,Jiles,hjilesif@shareasale.com,Male,217.47.85.207
665,Elysee,Bagniuk,ebagniukig@bandcamp.com,Female,243.147.209.86
666,Dennison,Bethel,dbethelih@hostgator.com,Male,196.174.17.104
667,Alexandr,Boucher,aboucherii@fastcompany.com,Male,3.118.57.144
668,Vinny,Armatidge,varmatidgeij@opera.com,Male,122.180.222.217
669,Wanids,Durnford,wdurnfordik@acquirethisname.com,Female,205.7.4.224
670,Eadie,Chimenti,echimentiil@xing.com,Female,208.93.12.225
671,Enriqueta,Freckingham,efreckinghamim@macromedia.com,Agender,238.114.241.26
672,Anetta,Maylard,amaylardin@g.co,Female,137.216.211.174
673,Robinson,Skaife,rskaifeio@hubpages.com,Male,2.130.52.122
674,Hurley,Wones,hwonesip@rambler.ru,Agender,148.120.53.125
675,Levon,Course,lcourseiq@ed.gov,Male,103.210.8.13
676,Horatio,Connechy,hconnechyir@slate.com,Male,254.101.68.10
677,Tobe,Nore,tnoreis@slashdot.org,Female,41.127.142.82
678,Ara,Goode,agoodeit@gnu.org,Polygender,91.187.100.131
679,Nelli,Whotton,nwhottoniu@dot.gov,Female,132.53.148.231
680,Michaella,Dunderdale,mdunderdaleiv@free.fr,Female,58.55.39.119
681,Vinni,Cornfield,vcornfieldiw@phoca.cz,Female,73.168.38.29
682,Cherey,Talboy,ctalboyix@fc2.com,Female,158.27.69.137
683,Ware,Motten,wmotteniy@amazon.co.jp,Genderqueer,157.23.245.213
684,Celestyn,Beincken,cbeinckeniz@examiner.com,Female,193.220.170.84
685,Alfie,Boyne,aboynej0@house.gov,Male,197.72.188.228
686,Curran,Dashwood,cdashwoodj1@phpbb.com,Male,31.42.118.106
687,Sharron,Verner,svernerj2@mlb.com,Female,111.37.4.241
688,Aurlie,Priel,aprielj3@arstechnica.com,Female,28.198.33.228
689,Emilia,Caney,ecaneyj4@google.ca,Female,182.219.250.255
690,Nickie,Devas,ndevasj5@theglobeandmail.com,Female,11.153.36.247
691,Lia,Hanselman,lhanselmanj6@berkeley.edu,Female,187.52.252.234
692,Scottie,Masic,smasicj7@apple.com,Male,143.193.170.189
693,Josee,Wombwell,jwombwellj8@goodreads.com,Female,229.20.220.30
694,Bianca,Stranaghan,bstranaghanj9@exblog.jp,Female,18.153.92.238
695,Jeniece,Taffie,jtaffieja@jimdo.com,Female,111.149.240.168
696,Tonie,Klehyn,tklehynjb@fda.gov,Female,134.229.232.134
697,Brennen,Lumbers,blumbersjc@utexas.edu,Male,177.77.54.231
698,Artemis,Gascone,agasconejd@unicef.org,Male,85.77.163.34
699,Willette,Ivimey,wivimeyje@adobe.com,Female,174.162.164.246
700,Ester,Wardle,ewardlejf@google.de,Female,140.138.201.37
701,Katrine,Licas,klicasjg@google.ca,Female,80.161.167.15
702,Douglass,Capeling,dcapelingjh@washington.edu,Genderfluid,39.133.51.126
703,Hartley,Caccavella,hcaccavellaji@gizmodo.com,Male,186.200.139.202
704,Derby,Georgel,dgeorgeljj@shinystat.com,Male,164.179.235.149
705,Cesaro,Grimme,cgrimmejk@youku.com,Male,198.154.157.212
706,Marsiella,MacCaghan,mmaccaghanjl@weebly.com,Female,130.5.23.65
707,Gerrie,MacNamee,gmacnameejm@columbia.edu,Male,185.226.42.160
708,Anna-diane,Rathmell,arathmelljn@intel.com,Female,34.161.30.31
709,Liesa,Hamman,lhammanjo@taobao.com,Female,124.170.169.209
710,Cherish,Pesik,cpesikjp@cyberchimps.com,Female,162.24.97.216
711,Zebulen,Bussel,zbusseljq@ocn.ne.jp,Male,126.6.11.249
712,Derry,Ahrend,dahrendjr@unesco.org,Male,45.244.218.64
713,Donalt,Sapena,dsapenajs@delicious.com,Male,102.141.102.254
714,Beryle,Braam,bbraamjt@usnews.com,Female,130.159.33.173
715,Wittie,Gherardini,wgherardiniju@cmu.edu,Genderfluid,99.149.207.185
716,Cherie,Pigot,cpigotjv@hao123.com,Female,172.13.106.189
717,Chalmers,Thalmann,cthalmannjw@mlb.com,Male,28.152.216.230
718,Gussi,De Mitri,gdemitrijx@mediafire.com,Female,221.134.5.160
719,Sharlene,Watmough,swatmoughjy@ustream.tv,Agender,244.165.68.149
720,Robbert,De Cleyne,rdecleynejz@cmu.edu,Male,32.252.14.155
721,Nelson,Boomes,nboomesk0@wufoo.com,Male,164.3.221.179
722,Abigael,Burkett,aburkettk1@sun.com,Female,8.41.102.35
723,Gelya,Fippe,gfippek2@cargocollective.com,Female,94.2.170.203
724,Bernice,Garett,bgarettk3@apache.org,Female,38.72.177.230
725,Cassey,Capeling,ccapelingk4@thetimes.co.uk,Female,255.48.20.172
726,Truman,Champion,tchampionk5@princeton.edu,Male,36.150.234.228
727,Fara,Hartin,fhartink6@csmonitor.com,Female,64.212.64.237
728,Karlotte,Antonsson,kantonssonk7@oracle.com,Female,71.105.224.59
729,Kelwin,Hulme,khulmek8@nbcnews.com,Male,140.125.49.191
730,Ortensia,Dymoke,odymokek9@rakuten.co.jp,Genderqueer,75.6.205.245
731,Malinda,Kellett,mkellettka@surveymonkey.com,Female,49.172.18.100
732,Brear,Farres,bfarreskb@unesco.org,Female,127.233.48.45
733,Griz,Tomini,gtominikc@hc360.com,Male,104.193.187.203
734,Sarene,Palombi,spalombikd@i2i.jp,Female,231.148.20.30
735,Carole,Giacomuzzi,cgiacomuzzike@mashable.com,Female,17.252.48.2
736,Silvester,Fuxman,sfuxmankf@indiatimes.com,Genderfluid,211.60.149.213
737,Giraud,Haynes,ghayneskg@google.co.uk,Male,233.157.205.86
738,Christalle,Balazs,cbalazskh@dmoz.org,Female,205.196.234.232
739,Kienan,Witherdon,kwitherdonki@utexas.edu,Male,24.107.193.45
740,Hieronymus,Davidovich,hdavidovichkj@umich.edu,Male,139.123.153.27
741,Ingra,Colmore,icolmorekk@loc.gov,Male,240.235.184.145
742,Freddy,Gladbeck,fgladbeckkl@cdc.gov,Agender,17.117.55.156
743,Zachery,Cullingford,zcullingfordkm@mapquest.com,Male,113.120.254.114
744,Darcie,Fletcher,dfletcherkn@fda.gov,Female,74.184.117.210
745,Una,Checchetelli,uchecchetelliko@google.co.uk,Female,58.219.95.109
746,Alaster,Yanshonok,ayanshonokkp@dell.com,Male,174.136.31.158
747,Goddart,Cordero,gcorderokq@sfgate.com,Male,4.188.30.152
748,Gilligan,Marwick,gmarwickkr@topsy.com,Female,200.64.164.8
749,Kimberley,Rolph,krolphks@sphinn.com,Female,194.7.57.198
750,Dud,Whitbread,dwhitbreadkt@ftc.gov,Male,104.102.184.58
751,Ted,Atwood,tatwoodku@bbc.co.uk,Male,44.149.212.18
752,Seamus,Stenbridge,sstenbridgekv@yolasite.com,Male,71.124.8.67
753,Linoel,Greenall,lgreenallkw@intel.com,Male,91.219.154.238
754,Chrisse,Pitfield,cpitfieldkx@amazon.co.jp,Agender,239.126.184.141
755,Huntley,O' Flaherty,hoflahertyky@sogou.com,Male,53.89.77.115
756,Buck,Jenney,bjenneykz@so-net.ne.jp,Male,149.135.87.109
757,Trefor,Peacock,tpeacockl0@about.com,Male,203.147.233.164
758,Udall,Coulling,ucoullingl1@bizjournals.com,Male,180.165.216.141
759,Robinette,Whitehall,rwhitehalll2@google.it,Female,25.117.123.3
760,Allard,Rowan,arowanl3@prnewswire.com,Bigender,145.6.69.74
761,Hyman,Gerred,hgerredl4@ftc.gov,Male,21.143.40.165
762,Joelle,Fernez,jfernezl5@cbslocal.com,Female,234.86.248.251
763,Orville,Heathfield,oheathfieldl6@yolasite.com,Male,136.243.130.112
764,Alasdair,Hamlet,ahamletl7@barnesandnoble.com,Male,194.55.161.43
765,Burke,Van Geffen,bvangeffenl8@adobe.com,Male,62.63.23.39
766,Zea,Dallmann,zdallmannl9@usnews.com,Female,204.156.228.55
767,Cammi,Henfre,chenfrela@constantcontact.com,Female,223.160.125.151
768,Normy,Haresnape,nharesnapelb@flickr.com,Male,105.235.227.243
769,Tomas,Martinho,tmartinholc@buzzfeed.com,Male,160.253.202.93
770,Gregoor,Truckett,gtruckettld@apache.org,Male,164.185.139.211
771,Brooke,Devenport,bdevenportle@yahoo.com,Female,16.67.68.54
772,Sollie,Kinsell,skinselllf@springer.com,Male,15.32.3.188
773,Brunhilde,Pottie,bpottielg@over-blog.com,Female,39.107.234.254
774,Binny,Rupprecht,brupprechtlh@cmu.edu,Female,248.53.49.157
775,Avery,Rougier,arougierli@newyorker.com,Male,38.10.141.36
776,Brianne,Possa,bpossalj@ow.ly,Female,76.191.229.185
777,Noel,Carluccio,ncarlucciolk@fema.gov,Female,134.76.217.70
778,Niels,Hackwell,nhackwellll@free.fr,Male,3.70.105.237
779,Trescha,Tripony,ttriponylm@issuu.com,Female,216.143.41.99
780,Conroy,Easman,ceasmanln@si.edu,Male,101.202.201.179
781,Editha,Coit,ecoitlo@auda.org.au,Female,2.92.117.144
782,Eliza,Boughtwood,eboughtwoodlp@t.co,Female,35.250.113.141
783,Garrott,Duce,gducelq@bing.com,Male,157.123.30.14
784,Randy,Barlee,rbarleelr@wsj.com,Male,217.50.31.31
785,Felike,Hardson,fhardsonls@vkontakte.ru,Male,112.78.211.30
786,Cora,McReynolds,cmcreynoldslt@icio.us,Female,138.131.189.87
787,Theresita,Wolford,twolfordlu@businessweek.com,Female,134.47.188.179
788,Siouxie,McCluin,smccluinlv@theatlantic.com,Female,121.244.2.135
789,Bette,Chessil,bchessillw@nsw.gov.au,Female,17.232.187.43
790,Rikki,Laing,rlainglx@harvard.edu,Female,11.103.171.215
791,Dorena,Spat,dspatly@creativecommons.org,Female,72.109.149.217
792,Prentiss,Kendall,pkendalllz@redcross.org,Male,20.160.150.4
793,Clara,Stoile,cstoilem0@tiny.cc,Female,210.183.47.167
794,Andre,Leynton,aleyntonm1@craigslist.org,Male,252.103.130.152
795,Althea,Covey,acoveym2@myspace.com,Female,110.23.204.107
796,Manda,Robinson,mrobinsonm3@slashdot.org,Female,106.180.77.97
797,Jayne,Page,jpagem4@ucla.edu,Female,158.68.230.191
798,Bee,Goodsall,bgoodsallm5@ezinearticles.com,Non-binary,46.119.16.103
799,Selie,Greatbach,sgreatbachm6@jigsy.com,Female,150.73.132.226
800,Britteny,Paulillo,bpaulillom7@yahoo.co.jp,Female,242.252.196.200
801,Orlando,Willeman,owillemanm8@desdev.cn,Male,129.249.240.75
802,Kermie,Matas,kmatasm9@usda.gov,Male,109.70.7.2
803,Bobbye,Dedman,bdedmanma@lulu.com,Female,98.0.205.35
804,Dilly,Paye,dpayemb@desdev.cn,Male,220.170.114.174
805,Ase,Seydlitz,aseydlitzmc@unicef.org,Male,80.29.237.223
806,Jess,Snartt,jsnarttmd@yolasite.com,Female,249.182.112.60
807,Griz,De Dantesie,gdedantesieme@weibo.com,Male,68.115.26.185
808,Lemmie,Thick,lthickmf@twitpic.com,Male,75.209.148.149
809,Judith,McPheat,jmcpheatmg@wikia.com,Female,75.13.111.164
810,Archy,Luxmoore,aluxmooremh@japanpost.jp,Male,170.120.218.219
811,Anders,MacEveley,amaceveleymi@ted.com,Male,130.239.240.151
812,Emlyn,MacRury,emacrurymj@who.int,Female,23.48.180.138
813,Cull,Dwane,cdwanemk@1688.com,Male,28.102.10.70
814,Lucille,Stangoe,lstangoeml@bloglovin.com,Female,216.109.210.59
815,Raf,Ainscow,rainscowmm@cnet.com,Female,2.121.99.0
816,Barty,Burdekin,bburdekinmn@washington.edu,Male,156.52.175.14
817,Jeanne,Chazotte,jchazottemo@cam.ac.uk,Female,186.18.150.42
818,Phineas,Ridge,pridgemp@facebook.com,Male,54.123.169.139
819,Nev,Trownson,ntrownsonmq@sun.com,Male,135.53.135.46
820,Bernadine,Althorp,balthorpmr@canalblog.com,Female,49.27.130.74
821,Cindi,Gofforth,cgofforthms@exblog.jp,Female,6.22.37.87
822,Beck,Rohfsen,brohfsenmt@reverbnation.com,Male,249.232.226.168
823,Jacqui,Burrel,jburrelmu@elpais.com,Female,108.185.16.158
824,Lauritz,Bickerdike,lbickerdikemv@umich.edu,Male,174.204.13.233
825,Peyter,Arend,parendmw@sun.com,Male,153.20.122.63
826,Franchot,Jarret,fjarretmx@elpais.com,Male,81.53.170.245
827,Laurena,Kornalik,lkornalikmy@buzzfeed.com,Female,148.206.63.91
828,Belle,Plumstead,bplumsteadmz@instagram.com,Female,56.179.11.174
829,Marybelle,Exrol,mexroln0@sourceforge.net,Genderqueer,27.34.202.11
830,Norbie,Lownes,nlownesn1@nifty.com,Male,79.93.221.20
831,Katheryn,Dursley,kdursleyn2@psu.edu,Bigender,100.221.233.235
832,Lorrie,Vedenyakin,lvedenyakinn3@jalbum.net,Female,230.22.157.155
833,Jeremiah,Vauls,jvaulsn4@tumblr.com,Male,15.132.215.6
834,Shepperd,Davidwitz,sdavidwitzn5@instagram.com,Male,196.245.178.247
835,Mathe,Swanborrow,mswanborrown6@studiopress.com,Male,48.196.141.221
836,Brodie,Stoddard,bstoddardn7@goo.ne.jp,Male,224.184.151.116
837,Cordie,Menichini,cmenichinin8@t.co,Female,101.83.133.85
838,Case,Finlan,cfinlann9@scientificamerican.com,Male,111.40.233.50
839,Jude,Derry,jderryna@list-manage.com,Male,41.46.59.242
840,Feliks,Hymor,fhymornb@stumbleupon.com,Male,149.54.144.113
841,Gayel,Samweyes,gsamweyesnc@sina.com.cn,Female,149.7.86.109
842,Vail,Stenson,vstensonnd@merriam-webster.com,Male,105.217.47.120
843,Hiram,Thyng,hthyngne@seesaa.net,Male,137.233.190.142
844,Wanids,Moyles,wmoylesnf@artisteer.com,Female,208.169.132.53
845,Nickey,Janas,njanasng@cargocollective.com,Male,129.169.226.4
846,Clementine,Philbrick,cphilbricknh@eepurl.com,Female,200.193.38.94
847,Coralyn,Beazley,cbeazleyni@vinaora.com,Bigender,38.79.163.57
848,Erich,Mulvey,emulveynj@sakura.ne.jp,Genderqueer,19.97.230.4
849,Selinda,Jeynes,sjeynesnk@macromedia.com,Female,148.61.164.210
850,Raoul,Firpo,rfirponl@boston.com,Male,97.61.21.229
851,Cody,McGrann,cmcgrannnm@ebay.co.uk,Female,195.203.207.236
852,Audi,Waples,awaplesnn@delicious.com,Female,202.5.182.161
853,Roseanna,Gillise,rgilliseno@goo.ne.jp,Female,119.53.93.114
854,Loria,Niccolls,lniccollsnp@earthlink.net,Female,114.102.214.238
855,Cord,Flavelle,cflavellenq@hugedomains.com,Male,188.166.4.235
856,Zacherie,Palumbo,zpalumbonr@oakley.com,Male,247.7.146.126
857,Bradley,Seefeldt,bseefeldtns@hao123.com,Male,80.252.244.70
858,Alane,Willers,awillersnt@businessweek.com,Female,229.113.187.63
859,Bryn,Mellsop,bmellsopnu@sitemeter.com,Female,59.15.140.189
860,Mario,Syversen,msyversennv@facebook.com,Male,128.137.29.78
861,Alvan,Dowry,adowrynw@is.gd,Male,19.17.103.117
862,Mabelle,Persich,mpersichnx@umich.edu,Female,164.1.172.81
863,Vanessa,Kilgannon,vkilgannonny@cafepress.com,Female,238.128.19.241
864,Sean,Ropkins,sropkinsnz@jiathis.com,Female,137.127.123.196
865,Stephan,Joddens,sjoddenso0@addtoany.com,Male,167.176.132.149
866,Eugenie,Parlot,eparloto1@home.pl,Female,207.113.71.100
867,Maurie,Gillino,mgillinoo2@clickbank.net,Male,22.69.15.1
868,Franzen,Kaplan,fkaplano3@addtoany.com,Male,42.189.156.103
869,Marrilee,Beetlestone,mbeetlestoneo4@alexa.com,Female,127.180.182.228
870,Any,Jaggers,ajaggerso5@ezinearticles.com,Male,165.68.95.61
871,Lorelei,Dohmann,ldohmanno6@usa.gov,Female,201.11.108.90
872,Harriett,Tullett,htulletto7@salon.com,Female,153.15.150.152
873,Dennie,Dawkins,ddawkinso8@soundcloud.com,Male,209.245.180.10
874,Broddie,Diggons,bdiggonso9@admin.ch,Male,159.155.244.195
875,Donaugh,Dabinett,ddabinettoa@prnewswire.com,Male,90.16.223.157
876,Ealasaid,Doyland,edoylandob@creativecommons.org,Female,63.71.77.246
877,Julissa,Sent,jsentoc@dion.ne.jp,Female,20.77.87.242
878,Masha,Russell,mrussellod@soup.io,Female,122.202.94.69
879,David,Paradin,dparadinoe@taobao.com,Male,151.227.5.177
880,Stanislaus,Wedgwood,swedgwoodof@nsw.gov.au,Male,75.27.198.129
881,Mohammed,Biggar,mbiggarog@alibaba.com,Male,230.47.73.58
882,Ariel,Dizlie,adizlieoh@yellowbook.com,Male,32.197.64.176
883,Maressa,Ovise,moviseoi@tmall.com,Female,2.227.223.193
884,Haskel,Gurden,hgurdenoj@cam.ac.uk,Male,152.244.253.115
885,Vladamir,Gumley,vgumleyok@shop-pro.jp,Male,235.79.30.232
886,Deena,Kittley,dkittleyol@weebly.com,Female,10.71.148.134
887,Nanni,Hadgraft,nhadgraftom@list-manage.com,Female,246.76.46.80
888,Hillyer,Sherrocks,hsherrockson@nasa.gov,Male,132.216.107.87
889,Duke,Barbie,dbarbieoo@webeden.co.uk,Male,228.102.202.139
890,Aguistin,Ludewig,aludewigop@infoseek.co.jp,Male,254.232.232.82
891,Sadye,Edmunds,sedmundsoq@acquirethisname.com,Female,113.68.108.136
892,Alyse,Balcers,abalcersor@moonfruit.com,Bigender,115.33.86.143
893,Glenda,Hawkridge,ghawkridgeos@google.co.jp,Female,167.40.69.200
894,Jess,Blankau,jblankauot@myspace.com,Male,243.19.234.161
895,Ebba,McKinnon,emckinnonou@yellowpages.com,Female,153.236.42.97
896,Brose,Cracknall,bcracknallov@scientificamerican.com,Male,172.76.162.65
897,Kiri,Harp,kharpow@list-manage.com,Female,51.134.249.183
898,Isador,Epple,ieppleox@ow.ly,Male,207.145.12.99
899,Wynne,Prew,wprewoy@phoca.cz,Female,133.87.105.231
900,Vivien,Bumby,vbumbyoz@phoca.cz,Female,233.232.226.112
901,Morey,Enrietto,menriettop0@comsenz.com,Bigender,108.255.239.46
902,Leanora,MacKessock,lmackessockp1@furl.net,Female,22.119.17.149
903,Hermy,Spaduzza,hspaduzzap2@hugedomains.com,Male,29.184.139.222
904,Beniamino,Cockhill,bcockhillp3@smh.com.au,Male,16.172.44.170
905,Dionysus,De Fries,ddefriesp4@technorati.com,Male,84.110.5.127
906,Ashlee,Watkiss,awatkissp5@java.com,Female,119.96.220.160
907,Trent,Vant,tvantp6@tripod.com,Male,18.140.86.217
908,Prue,Benham,pbenhamp7@myspace.com,Genderfluid,171.15.212.192
909,Wheeler,Milksop,wmilksopp8@posterous.com,Male,198.65.24.14
910,Bing,Roobottom,broobottomp9@spiegel.de,Male,145.68.43.203
911,Hollie,McDonell,hmcdonellpa@mozilla.org,Female,52.65.226.213
912,Harriott,Custy,hcustypb@phpbb.com,Female,183.58.142.108
913,Demott,Impleton,dimpletonpc@bloglines.com,Male,112.181.150.97
914,Petronia,Strasse,pstrassepd@bizjournals.com,Female,123.23.54.29
915,Regan,Clemett,rclemettpe@networkadvertising.org,Female,241.196.145.226
916,Beatrice,Greim,bgreimpf@simplemachines.org,Female,82.164.119.144
917,Trudy,MacDwyer,tmacdwyerpg@nationalgeographic.com,Female,182.131.51.178
918,Lefty,Demetr,ldemetrph@mail.ru,Male,90.60.106.27
919,Felike,Shrive,fshrivepi@globo.com,Male,70.82.160.234
920,Connie,Casterou,ccasteroupj@dailymail.co.uk,Genderfluid,236.7.65.70
921,Stephine,Chadband,schadbandpk@angelfire.com,Female,186.44.126.66
922,Bil,Guilleton,bguilletonpl@yahoo.com,Male,106.233.251.80
923,Yard,Philippart,yphilippartpm@arstechnica.com,Male,37.236.198.227
924,Robinson,Binder,rbinderpn@phoca.cz,Male,19.57.229.188
925,Maybelle,Britee,mbriteepo@prnewswire.com,Female,38.156.74.61
926,Ozzy,Bolderstone,obolderstonepp@europa.eu,Male,127.69.221.137
927,Russ,Sange,rsangepq@istockphoto.com,Male,48.48.36.250
928,Anson,Keddey,akeddeypr@instagram.com,Male,99.230.118.169
929,Jordon,Pohlke,jpohlkeps@google.com,Male,114.18.87.22
930,Leontyne,Pennino,lpenninopt@about.me,Female,255.28.198.118
931,Nerte,Snasel,nsnaselpu@usgs.gov,Female,22.220.114.128
932,Romeo,Newart,rnewartpv@trellian.com,Male,191.60.172.160
933,Roanne,Gravey,rgraveypw@google.cn,Female,137.137.145.2
934,Miran,Mulles,mmullespx@ibm.com,Female,67.126.243.231
935,Lela,Highton,lhightonpy@state.tx.us,Female,235.46.15.186
936,Gerhardt,Iseton,gisetonpz@51.la,Male,236.239.166.45
937,Kain,O'Logan,kologanq0@apple.com,Male,80.200.174.184
938,Allyson,Ansell,aansellq1@paypal.com,Female,67.42.200.159
939,Prinz,Sambells,psambellsq2@delicious.com,Male,140.92.75.6
940,Sarge,Nield,snieldq3@bigcartel.com,Male,79.48.57.92
941,Amalea,Tock,atockq4@archive.org,Female,77.175.159.17
942,Korie,Valentine,kvalentineq5@ebay.com,Agender,24.150.223.159
943,Petr,Breewood,pbreewoodq6@elpais.com,Male,181.55.85.103
944,Hermione,Ruddle,hruddleq7@census.gov,Female,166.241.147.181
945,Cristy,Antcliff,cantcliffq8@nbcnews.com,Female,246.191.124.53
946,Viva,Pallis,vpallisq9@pcworld.com,Female,2.222.164.48
947,Isaiah,Brito,ibritoqa@alibaba.com,Male,62.223.18.78
948,Hill,Domingues,hdominguesqb@cbsnews.com,Male,34.61.223.210
949,Clevie,Wilcocks,cwilcocksqc@home.pl,Male,48.155.9.74
950,Carolus,Shankster,cshanksterqd@ucla.edu,Male,126.241.41.200
951,Findley,McCollum,fmccollumqe@mapy.cz,Male,98.40.53.155
952,Cairistiona,Hayman,chaymanqf@parallels.com,Female,210.64.231.52
953,Gabie,Flitcroft,gflitcroftqg@woothemes.com,Male,248.1.235.46
954,Niall,Merriday,nmerridayqh@usda.gov,Male,214.44.127.191
955,Wilmette,Malmar,wmalmarqi@mozilla.com,Female,95.168.22.196
956,Germayne,Bowfin,gbowfinqj@istockphoto.com,Male,57.238.158.195
957,Adore,Esch,aeschqk@google.co.jp,Female,197.61.117.163
958,Kris,Van den Bosch,kvandenboschql@statcounter.com,Female,50.195.19.73
959,Forrest,Couroy,fcouroyqm@dagondesign.com,Male,206.253.61.124
960,Casi,Valler,cvallerqn@mayoclinic.com,Female,33.29.21.210
961,Ugo,Comar,ucomarqo@house.gov,Male,208.248.56.13
962,Cherise,Gerardet,cgerardetqp@mediafire.com,Female,135.245.48.115
963,Cedric,Iorio,ciorioqq@scientificamerican.com,Male,198.11.198.21
964,Fayette,Soppeth,fsoppethqr@gizmodo.com,Female,240.141.174.7
965,Kimball,Cushion,kcushionqs@lulu.com,Male,109.169.2.9
966,Robers,Beresfore,rberesforeqt@i2i.jp,Male,169.24.229.230
967,June,Pottage,jpottagequ@oakley.com,Genderqueer,109.244.53.214
968,Upton,Cornier,ucornierqv@jugem.jp,Male,145.187.188.71
969,Burke,Coolican,bcoolicanqw@meetup.com,Male,135.156.28.62
970,Ursa,Cotte,ucotteqx@symantec.com,Female,153.21.156.28
971,Ethe,Burras,eburrasqy@usatoday.com,Male,77.36.11.126
972,Harland,Gounod,hgounodqz@umich.edu,Male,144.131.20.130
973,Atlanta,Gillibrand,agillibrandr0@oracle.com,Female,154.213.45.234
974,Sarena,Purdom,spurdomr1@istockphoto.com,Female,229.20.134.107
975,Bree,McWard,bmcwardr2@fema.gov,Female,241.113.13.53
976,Frederico,Bukowski,fbukowskir3@nydailynews.com,Male,143.21.215.93
977,Shepperd,Adamo,sadamor4@ibm.com,Male,177.144.137.74
978,Ruthann,Disbrey,rdisbreyr5@live.com,Genderfluid,45.193.233.122
979,Marlo,Cossentine,mcossentiner6@bizjournals.com,Female,38.47.189.61
980,Tamas,Lendrem,tlendremr7@fda.gov,Male,105.50.223.26
981,Morse,McReynold,mmcreynoldr8@bandcamp.com,Male,184.86.44.181
982,Dedie,Wootton,dwoottonr9@ning.com,Female,159.143.247.160
983,Mariellen,Birdfield,mbirdfieldra@deviantart.com,Female,116.232.182.170
984,Neill,Douce,ndoucerb@cnn.com,Male,103.159.192.162
985,Tanya,Staresmeare,tstaresmearerc@blogtalkradio.com,Female,212.149.152.85
986,Clemens,Cruttenden,ccruttendenrd@senate.gov,Male,34.123.215.248
987,Wilhelmine,L' Estrange,wlestrangere@163.com,Female,113.37.115.75
988,Vikky,Plait,vplaitrf@unesco.org,Female,177.127.16.193
989,Sile,Barrell,sbarrellrg@webnode.com,Female,56.120.34.142
990,Silva,Tiuit,stiuitrh@discovery.com,Female,99.128.38.203
991,Pavel,McGenn,pmcgennri@youtube.com,Male,253.4.233.161
992,Darlleen,Grayling,dgraylingrj@nsw.gov.au,Female,216.155.170.67
993,Briana,Bloggett,bbloggettrk@harvard.edu,Female,233.24.63.33
994,Mireielle,Davana,mdavanarl@ucla.edu,Female,65.53.5.46
995,Jaye,Levensky,jlevenskyrm@4shared.com,Non-binary,11.47.140.220
996,Bernie,Lowles,blowlesrn@uiuc.edu,Female,28.230.165.57
997,Tomlin,Horrell,thorrellro@google.co.uk,Male,125.208.176.40
998,Milly,Ferrulli,mferrullirp@xrea.com,Female,96.106.130.218
999,See,Schuricke,sschurickerq@earthlink.net,Agender,213.175.15.168
1000,Glyn,Branca,gbrancarr@virginia.edu,Male,10.174.48.30
